Date,Lifetime Total Likes,Daily New Likes,Daily Unlikes,Daily Page Engaged Users,Weekly Page Engaged Users,28 Days Page Engaged Users,Daily Total Reach,Weekly Total Reach,28 Days Total Reach,Daily Organic Reach,Weekly Organic Reach,28 Days Organic Reach,Daily Paid Reach,Weekly Paid Reach,28 Days Paid Reach,Daily Viral Reach,Weekly Viral Reach,28 Days Viral Reach,Daily Total Impressions,Weekly Total Impressions,28 Days Total Impressions,Daily Organic impressions,Weekly Organic impressions,28 Days Organic impressions,Daily Paid Impressions,Weekly Paid Impressions,28 Days Paid Impressions,Daily Viral impressions,Weekly Viral impressions,28 Days Viral impressions,Daily Logged-in Page Views (Total),Weekly Logged-in Page Views (Total),Daily Logged-in Page Views (Unique),Weekly Logged-in Page Views (Unique),Daily Reach Of Page Posts,Weekly Reach Of Page Posts,28 Days Reach Of Page Posts,Daily Organic Reach of Page posts,Weekly Organic Reach of Page posts,28 Days Organic Reach of Page posts,Daily Paid Reach of Page posts,Weekly Paid Reach of Page posts,28 Days Paid Reach of Page posts,Daily Viral Reach Of Page Posts,Weekly Viral Reach Of Page Posts,28 Days Viral Reach Of Page Posts,Daily Total Impressions of your posts,Weekly Total Impressions of your posts,28 Days Total Impressions of your posts,Daily Organic impressions of your posts,Weekly Organic impressions of your posts,28 Days Organic impressions of your posts,Daily Paid impressions of your posts,Weekly Paid impressions of your posts,28 Days Paid impressions of your posts,Daily Viral Impressions Of Your Posts,Weekly Viral Impressions Of Your Posts,28 Days Viral Impressions Of Your Posts,Daily Total Consumers,Weekly Total Consumers,28 Days Total Consumers,Daily Page Consumptions,Weekly Page Consumptions,28 Days Page Consumptions,Daily Like Sources - mobile_app,Daily Like Sources - page_browser_invite,Daily Like Sources - page_invite,Daily Like Sources - page_invite_escape_hatch,Daily Like Sources - page_invite_notif_inline_accept,Daily Like Sources - page_invite_pending_invite_screen_accept_invite,Daily Like Sources - page_profile,Daily Like Sources - search,Daily Like Sources - unknown,Daily Total Frequency Distribution - 1,Daily Total Frequency Distribution - 2,Daily Total Frequency Distribution - 3,Daily Total Frequency Distribution - 4,Daily Total Frequency Distribution - 5,Daily Total Frequency Distribution - 6-10,Daily Total Frequency Distribution - 11-20,Daily Total Frequency Distribution - 21+,Weekly Total Frequency Distribution - 1,Weekly Total Frequency Distribution - 2,Weekly Total Frequency Distribution - 3,Weekly Total Frequency Distribution - 4,Weekly Total Frequency Distribution - 5,Weekly Total Frequency Distribution - 6-10,Weekly Total Frequency Distribution - 11-20,Weekly Total Frequency Distribution - 21+,28 Days Total Frequency Distribution - 1,28 Days Total Frequency Distribution - 2,28 Days Total Frequency Distribution - 3,28 Days Total Frequency Distribution - 4,28 Days Total Frequency Distribution - 5,28 Days Total Frequency Distribution - 6-10,28 Days Total Frequency Distribution - 11-20,28 Days Total Frequency Distribution - 21+,Daily Page Posts Frequency Distribution - 1,Daily Page Posts Frequency Distribution - 2,Daily Page Posts Frequency Distribution - 3,Daily Page Posts Frequency Distribution - 4,Daily Page Posts Frequency Distribution - 5,Daily Page Posts Frequency Distribution - 6-10,Daily Page Posts Frequency Distribution - 11-20,Daily Page Posts Frequency Distribution - 21+,Weekly Page Posts Frequency Distribution - 1,Weekly Page Posts Frequency Distribution - 2,Weekly Page Posts Frequency Distribution - 3,Weekly Page Posts Frequency Distribution - 4,Weekly Page Posts Frequency Distribution - 5,Weekly Page Posts Frequency Distribution - 6-10,Weekly Page Posts Frequency Distribution - 11-20,Weekly Page Posts Frequency Distribution - 21+,28 Days Page Posts Frequency Distribution - 1,28 Days Page Posts Frequency Distribution - 2,28 Days Page Posts Frequency Distribution - 3,28 Days Page Posts Frequency Distribution - 4,28 Days Page Posts Frequency Distribution - 5,28 Days Page Posts Frequency Distribution - 6-10,28 Days Page Posts Frequency Distribution - 11-20,28 Days Page Posts Frequency Distribution - 21+,Daily Talking About This By Story Type - checkin,Daily Talking About This By Story Type - coupon,Daily Talking About This By Story Type - event,Daily Talking About This By Story Type - fan,Daily Talking About This By Story Type - mention,Daily Talking About This By Story Type - other,Daily Talking About This By Story Type - page post,Daily Talking About This By Story Type - question,Daily Talking About This By Story Type - user post,Weekly Talking About This By Story Type - checkin,Weekly Talking About This By Story Type - coupon,Weekly Talking About This By Story Type - event,Weekly Talking About This By Story Type - fan,Weekly Talking About This By Story Type - mention,Weekly Talking About This By Story Type - other,Weekly Talking About This By Story Type - page post,Weekly Talking About This By Story Type - question,Weekly Talking About This By Story Type - user post,28 Days Talking About This By Story Type - checkin,28 Days Talking About This By Story Type - coupon,28 Days Talking About This By Story Type - event,28 Days Talking About This By Story Type - fan,28 Days Talking About This By Story Type - mention,28 Days Talking About This By Story Type - other,28 Days Talking About This By Story Type - page post,28 Days Talking About This By Story Type - question,28 Days Talking About This By Story Type - user post,Daily Page Stories By Story Type - checkin,Daily Page Stories By Story Type - coupon,Daily Page Stories By Story Type - event,Daily Page Stories By Story Type - fan,Daily Page Stories By Story Type - mention,Daily Page Stories By Story Type - other,Daily Page Stories By Story Type - page post,Daily Page Stories By Story Type - question,Daily Page Stories By Story Type - user post,Weekly Page Stories By Story Type - checkin,Weekly Page Stories By Story Type - coupon,Weekly Page Stories By Story Type - event,Weekly Page Stories By Story Type - fan,Weekly Page Stories By Story Type - mention,Weekly Page Stories By Story Type - other,Weekly Page Stories By Story Type - page post,Weekly Page Stories By Story Type - question,Weekly Page Stories By Story Type - user post,28 Days Page Stories By Story Type - checkin,28 Days Page Stories By Story Type - coupon,28 Days Page Stories By Story Type - event,28 Days Page Stories By Story Type - fan,28 Days Page Stories By Story Type - mention,28 Days Page Stories By Story Type - other,28 Days Page Stories By Story Type - page post,28 Days Page Stories By Story Type - question,28 Days Page Stories By Story Type - user post,Daily Page Consumptions By Type - button clicks,Daily Page Consumptions By Type - link clicks,Daily Page Consumptions By Type - other clicks,Daily Page Consumptions By Type - photo view,Daily Page Consumptions By Type - video play,Weekly Page Consumptions By Type - button clicks,Weekly Page Consumptions By Type - link clicks,Weekly Page Consumptions By Type - other clicks,Weekly Page Consumptions By Type - photo view,Weekly Page Consumptions By Type - video play,28 Days Page Consumptions By Type - button clicks,28 Days Page Consumptions By Type - link clicks,28 Days Page Consumptions By Type - other clicks,28 Days Page Consumptions By Type - photo view,28 Days Page Consumptions By Type - video play,Lifetime Likes by Gender and Age - F.18-24,Lifetime Likes by Gender and Age - F.25-34,Lifetime Likes by Gender and Age - F.35-44,Lifetime Likes by Gender and Age - F.45-54,Lifetime Likes by Gender and Age - F.55-64,Lifetime Likes by Gender and Age - F.65+,Lifetime Likes by Gender and Age - M.13-17,Lifetime Likes by Gender and Age - M.18-24,Lifetime Likes by Gender and Age - M.25-34,Lifetime Likes by Gender and Age - M.35-44,Lifetime Likes by Gender and Age - M.45-54,Lifetime Likes by Gender and Age - M.55-64,Lifetime Likes by Gender and Age - U.18-24,Lifetime Likes by Gender and Age - U.45-54,Lifetime Likes by Country - BR,Lifetime Likes by Country - BS,Lifetime Likes by Country - CO,Lifetime Likes by Country - EG,Lifetime Likes by Country - GB,Lifetime Likes by Country - IN,Lifetime Likes by Country - MX,Lifetime Likes by Country - NI,Lifetime Likes by Country - NL,Lifetime Likes by Country - US,"Lifetime Likes by City - Amsterdam, Netherlands","Lifetime Likes by City - Atlanta, GA","Lifetime Likes by City - Bloomfield Hills, MI","Lifetime Likes by City - Bloomington, IN","Lifetime Likes by City - Boston, MA","Lifetime Likes by City - Boulder, CO","Lifetime Likes by City - Boynton Beach, FL","Lifetime Likes by City - Bradley Beach, NJ","Lifetime Likes by City - Cambridge, MA","Lifetime Likes by City - Chapel Hill, NC","Lifetime Likes by City - Charlotte, NC","Lifetime Likes by City - Claremont, CA","Lifetime Likes by City - Coral Gables, FL","Lifetime Likes by City - Denton, NC","Lifetime Likes by City - Detroit, MI","Lifetime Likes by City - Doral, FL","Lifetime Likes by City - Farmington Hills, MI","Lifetime Likes by City - Freeport, The Bahamas","Lifetime Likes by City - Fullerton, CA","Lifetime Likes by City - Glenvar Heights, FL","Lifetime Likes by City - Grand Rapids, MI","Lifetime Likes by City - Guyton, GA","Lifetime Likes by City - Haddonfield, NJ","Lifetime Likes by City - Hyderabad, India","Lifetime Likes by City - Jacksonville Beach, FL","Lifetime Likes by City - Key Biscayne, FL","Lifetime Likes by City - London, United Kingdom","Lifetime Likes by City - Los Angeles, CA","Lifetime Likes by City - Managua, Nicaragua","Lifetime Likes by City - Mansoura, Egypt","Lifetime Likes by City - Marlboro, NJ","Lifetime Likes by City - Mexico City, Mexico","Lifetime Likes by City - Miami, FL","Lifetime Likes by City - Miami Beach, FL","Lifetime Likes by City - Monroe, CT","Lifetime Likes by City - New York, NY","Lifetime Likes by City - Northport, NY","Lifetime Likes by City - Oradell, NJ","Lifetime Likes by City - Potomac, MD","Lifetime Likes by City - Rio de Janeiro, RJ, Brazil","Lifetime Likes by City - San Jose, CA","Lifetime Likes by City - Santiago de Cali, Colombia","Lifetime Likes by City - South Miami, FL","Lifetime Likes by City - Sudbury, MA","Lifetime Likes by City - Tallahassee, FL","Lifetime Likes by City - Tamarac, FL","Lifetime Likes by City - Tampa, FL","Lifetime Likes by City - Wellesley, MA","Lifetime Likes by City - Winston-Salem, NC","Lifetime Likes by City - Winter Park, FL","Lifetime Likes by City - Ypsilanti, MI",Lifetime Likes by Language - en_GB,Lifetime Likes by Language - en_US,Lifetime Likes by Language - es_ES,Lifetime Likes by Language - es_LA,Lifetime Likes by Language - pt_BR,Weekly Reach Demographics - F.13-17,Weekly Reach Demographics - F.18-24,Weekly Reach Demographics - F.25-34,Weekly Reach Demographics - F.35-44,Weekly Reach Demographics - F.45-54,Weekly Reach Demographics - F.55-64,Weekly Reach Demographics - F.65+,Weekly Reach Demographics - M.13-17,Weekly Reach Demographics - M.18-24,Weekly Reach Demographics - M.25-34,Weekly Reach Demographics - M.35-44,Weekly Reach Demographics - M.45-54,Weekly Reach Demographics - M.55-64,Weekly Reach Demographics - M.65+,Weekly Reach Demographics - U.18-24,Weekly Reach Demographics - U.35-44,Weekly Reach Demographics - U.45-54,Weekly Reach by Country - BD,Weekly Reach by Country - BR,Weekly Reach by Country - CO,Weekly Reach by Country - CR,Weekly Reach by Country - CZ,Weekly Reach by Country - DK,Weekly Reach by Country - EC,Weekly Reach by Country - EG,Weekly Reach by Country - ES,Weekly Reach by Country - GB,Weekly Reach by Country - IN,Weekly Reach by Country - MX,Weekly Reach by Country - NI,Weekly Reach by Country - NL,Weekly Reach by Country - PH,Weekly Reach by Country - SE,Weekly Reach by Country - SG,Weekly Reach by Country - US,"Weekly Reach by City - Amsterdam, Netherlands","Weekly Reach by City - Atlanta, GA","Weekly Reach by City - Berkeley, CA","Weekly Reach by City - Birmingham, AL","Weekly Reach by City - Bloomfield Hills, MI","Weekly Reach by City - Bloomington, IN","Weekly Reach by City - Boston, MA","Weekly Reach by City - Boulder, CO","Weekly Reach by City - Brunswick, ME","Weekly Reach by City - Cairo, Egypt","Weekly Reach by City - Cambridge, MA","Weekly Reach by City - Carmel, IN","Weekly Reach by City - Chapel Hill, NC","Weekly Reach by City - Charleston, SC","Weekly Reach by City - Charlotte, NC","Weekly Reach by City - Charlottesville, VA","Weekly Reach by City - Cherry Hill, NJ","Weekly Reach by City - Chicago, IL","Weekly Reach by City - Claremont, CA","Weekly Reach by City - Clayton, MO","Weekly Reach by City - Cohasset, MA","Weekly Reach by City - Columbus, OH","Weekly Reach by City - Copenhagen, Denmark","Weekly Reach by City - Coral Gables, FL","Weekly Reach by City - Coral Springs, FL","Weekly Reach by City - Corona, CA","Weekly Reach by City - Davao City, Philippines","Weekly Reach by City - Denton, NC","Weekly Reach by City - Denver, CO","Weekly Reach by City - Detroit, MI","Weekly Reach by City - Dhaka, Bangladesh","Weekly Reach by City - Doral, FL","Weekly Reach by City - El-Mahalla el-Kubra, Egypt","Weekly Reach by City - Ensenada, Mexico","Weekly Reach by City - Farmington Hills, MI","Weekly Reach by City - Gainesville, FL","Weekly Reach by City - Giza, Egypt","Weekly Reach by City - Glasgow, United Kingdom","Weekly Reach by City - Glencoe, IL","Weekly Reach by City - Glenvar Heights, FL","Weekly Reach by City - Grand Rapids, MI","Weekly Reach by City - Guyton, GA","Weekly Reach by City - Haddonfield, NJ","Weekly Reach by City - Hyderabad, India","Weekly Reach by City - Ithaca, NY","Weekly Reach by City - Jönköping, Sweden","Weekly Reach by City - Key Biscayne, FL","Weekly Reach by City - London, United Kingdom","Weekly Reach by City - Los Angeles, CA","Weekly Reach by City - Madrid, Spain","Weekly Reach by City - Managua, Nicaragua","Weekly Reach by City - Marlboro, NJ","Weekly Reach by City - Mexico City, Mexico","Weekly Reach by City - Miami, FL","Weekly Reach by City - Miami Beach, FL","Weekly Reach by City - Milwaukee, WI","Weekly Reach by City - Monroe, CT","Weekly Reach by City - Needham, MA","Weekly Reach by City - New Orleans, LA","Weekly Reach by City - New York, NY","Weekly Reach by City - Newark, NJ","Weekly Reach by City - Newton, MA","Weekly Reach by City - Norman, OK","Weekly Reach by City - Northport, NY","Weekly Reach by City - Notre Dame, IN","Weekly Reach by City - Oradell, NJ","Weekly Reach by City - Pinecrest, FL","Weekly Reach by City - Plainsboro, NJ","Weekly Reach by City - Potomac, MD","Weekly Reach by City - Prague, Czech Republic","Weekly Reach by City - Princeton, NJ","Weekly Reach by City - Providence, RI","Weekly Reach by City - Redondo Beach, CA","Weekly Reach by City - Rio de Janeiro, RJ, Brazil","Weekly Reach by City - River Forest, IL","Weekly Reach by City - Rochester, NY","Weekly Reach by City - San Carlos Park, FL","Weekly Reach by City - San Cristóbal, Ecuador","Weekly Reach by City - San José, Costa Rica","Weekly Reach by City - San Jose, CA","Weekly Reach by City - Santiago de Cali, Colombia","Weekly Reach by City - Seattle, WA","Weekly Reach by City - Singapore, Singapore","Weekly Reach by City - Somerville, MA","Weekly Reach by City - South Miami, FL","Weekly Reach by City - South Orange, NJ","Weekly Reach by City - St. Louis, MO","Weekly Reach by City - Sudbury, MA","Weekly Reach by City - Tallahassee, FL","Weekly Reach by City - Tampa, FL","Weekly Reach by City - Upper Saddle River, NJ","Weekly Reach by City - Victoria, Philippines","Weekly Reach by City - Washington D.C., DC","Weekly Reach by City - Wellesley, MA","Weekly Reach by City - Winston-Salem, NC","Weekly Reach by City - Winter Park, FL"
10/16/19,,71,,72,72,72,268,268,268,136,136,136,,,,,,,1003,1003,1003,470,470,470,,,,,,,533,533,275,275,136,136,136,136,136,136,,,,,,,470,470,470,470,470,470,,,,,,,2,2,2,3,3,3,24,3,1,4,1,25,13,,,77,57,39,28,20,48,4,3,77,57,39,28,20,48,4,3,77,57,39,28,20,48,4,3,31,25,22,35,17,9,1,1,31,25,22,35,17,9,1,1,31,25,22,35,17,9,1,1,0,0,0,71,0,3,1,0,0,0,0,0,71,0,3,1,0,0,0,0,0,71,0,3,1,0,0,0,0,0,71,0,9,6,0,0,0,0,0,71,0,9,6,0,0,0,0,0,71,0,9,6,0,0,0,0,3,0,0,0,0,3,0,0,0,0,3,0,0,,,,,,,,,,,,,,,,,,,,,,,,,,,,,,,,,,,,,,,,,,,,,,,,,,,,,,,,,,,,,,,,,,,,,,,,,,,,,,,,,,64,12,1,1,4,,,36,14,2,,2,2,1,,1,,,1,1,,1,1,,1,3,,1,1,,,,1,129,,1,1,,,2,5,,1,,2,,,,1,,,1,1,1,,,,1,1,,,1,1,,,,,,,1,,,,,1,1,,,,,2,3,1,1,,1,1,66,,1,1,1,,15,,,,,1,1,,1,1,,,1,1,,,,1,,1,,1,,1,1,,1,,,1,,1,,3,1,,1
10/17/19,,19,,20,93,93,73,326,326,35,166,166,,,,,,,222,1225,1225,113,583,583,,,,,,,109,642,66,333,35,166,166,35,166,166,,,,,,,113,583,583,113,583,583,,,,,,,,2,2,,3,3,4,,,1,1,7,6,,,22,16,5,10,7,12,,,91,69,41,36,29,61,4,3,91,69,41,36,29,61,4,3,5,5,9,13,,3,,,34,24,30,50,17,12,,2,34,24,30,50,17,12,,2,0,0,0,19,0,1,0,0,0,0,0,0,91,0,4,1,0,0,0,0,0,91,0,4,1,0,0,0,0,0,19,0,2,0,0,0,0,0,0,90,0,11,6,0,0,0,0,0,90,0,11,6,0,0,0,0,0,0,0,0,0,3,0,0,0,0,3,0,0,,,,,,,,,,,,,,,,,,,,,,,,,,,,,,,,,,,,,,,,,,,,,,,,,,,,,,,,,,,,,,,,,,,,,,,,,,,,,,,,,,81,14,1,2,4,,,43,15,2,,2,2,1,,1,,,1,1,1,1,1,,1,3,1,1,1,1,,,1,154,,,1,1,,2,7,,1,,3,,,1,1,,,1,,1,,,1,2,1,,,1,1,,,,,,1,1,,,,,1,1,,1,,,2,3,,1,1,,1,80,,,,1,,17,,,,,1,1,,1,1,1,,1,1,,,1,1,,1,,1,,1,,,1,,,,,1,,4,1,,1
10/18/19,95,5,,7,98,98,39,340,340,31,181,181,,,,,,,84,1309,1309,54,637,637,,,,,,,30,672,18,347,31,181,181,31,181,181,,,,,,,54,637,637,54,637,637,,,,,,,1,3,3,2,5,5,,,,1,1,1,2,,,22,10,1,1,1,4,,,88,80,41,37,29,67,5,3,88,80,41,37,29,67,5,3,21,5,,3,1,1,,,40,23,35,50,18,16,,2,40,23,35,50,18,16,,2,0,0,0,5,0,0,1,0,0,0,0,0,96,0,4,1,0,0,0,0,0,96,0,4,1,0,0,0,0,0,5,0,0,1,0,0,0,0,0,95,0,11,7,0,0,0,0,0,95,0,11,7,0,0,0,0,2,0,0,0,0,5,0,0,0,0,5,0,0,40,5,1,7,4,,1,22,12,,,2,1,,,1,1,,5,1,,1,1,85,1,1,,,2,,,,1,2,1,1,3,1,,,1,1,,,1,1,,1,,1,5,,1,,1,,52,,1,7,,,1,,,1,,,3,,1,1,1,1,,13,80,1,1,,,86,14,1,4,5,,,46,19,2,,2,2,1,,1,,,1,1,1,1,1,,2,4,1,1,1,1,,,1,167,1,1,,1,,2,8,,1,,3,,,1,1,,,,,1,,,,2,1,,,1,,,,,,,,2,,,,,1,1,,1,,,3,4,1,2,,1,1,89,,1,1,1,,17,,,,,1,1,,1,1,1,,1,,,,,1,1,,,1,1,,,,1,,,1,1,1,,4,1,,1
10/19/19,98,3,,3,101,101,6,342,342,6,184,184,,,,,,,20,1329,1329,14,651,651,,,,,,,6,678,3,350,6,184,184,6,184,184,,,,,,,14,651,651,14,651,651,,,,,,,,3,3,,5,5,,,,,,2,1,,,2,2,,,1,1,,,87,81,42,37,29,69,5,3,87,81,42,37,29,69,5,3,3,1,,1,1,,,,41,24,34,52,18,17,,2,41,24,34,52,18,17,,2,0,0,0,3,0,0,0,0,0,0,0,0,99,0,4,1,0,0,0,0,0,99,0,4,1,0,0,0,0,0,3,0,0,0,0,0,0,0,0,98,0,11,7,0,0,0,0,0,98,0,11,7,0,0,0,0,0,0,0,0,0,5,0,0,0,0,5,0,0,41,5,1,7,4,1,1,23,12,,,2,1,,,1,1,,5,1,,1,1,88,1,1,,,2,,,,1,2,2,1,2,1,,,1,1,,,1,1,,1,,1,5,,1,,1,,55,,1,6,,,1,,,1,,,3,1,1,1,1,1,,13,83,1,1,,,87,14,1,4,5,,1,48,19,2,,2,2,1,,1,,,1,1,1,2,1,,2,5,1,1,1,1,,,1,169,1,1,1,1,,2,8,1,1,,3,,,1,2,,,1,1,,,,2,1,1,,,1,1,,,,,,1,2,,,,,1,1,,1,,,3,5,1,2,1,1,1,93,,,,,,16,,,,,1,,,1,,,,1,1,,,1,1,1,,,,1,1,,,1,1,,,,,,4,,,1
10/20/19,101,3,,7,107,107,19,348,348,13,186,186,,,,,,,46,1375,1375,28,679,679,,,,,,,18,696,11,355,13,186,186,13,186,186,,,,,,,28,679,679,28,679,679,,,,,,,1,4,4,1,6,6,1,,,,,1,1,,,10,4,,1,2,2,,,88,83,41,38,28,71,5,4,88,83,41,38,28,71,5,4,7,1,2,2,1,,,,41,22,37,50,16,21,1,2,41,22,37,50,16,21,1,2,0,0,0,3,0,3,1,0,0,0,0,0,103,0,7,1,0,0,0,0,0,103,0,7,1,0,0,0,0,0,3,0,3,1,0,0,0,0,0,101,0,14,8,0,0,0,0,0,101,0,14,8,0,0,0,1,0,0,0,0,1,5,0,0,0,1,5,0,0,43,5,1,7,4,1,1,23,13,,,2,1,,,1,1,,5,1,,1,1,91,1,1,,,1,,,,1,2,2,1,3,1,,,1,1,,,1,1,,1,,2,5,,1,,1,,58,,,5,1,,1,,,1,,,3,1,1,1,1,1,,13,86,1,1,,,88,14,1,4,5,,1,48,20,2,,2,2,1,,1,,,1,1,1,2,1,,2,5,1,1,1,1,,,1,171,1,1,1,1,,2,8,,,,3,,,1,2,,,1,,,,,2,1,1,,,1,1,,,,,,1,2,,,,,1,,,1,,,3,5,,2,1,,1,93,,,,1,1,17,,,,,1,1,,,1,1,,1,1,,,1,1,1,1,,1,,1,,,1,,,,1,,,4,1,,1
10/21/19,120,19,,22,126,126,104,409,409,52,216,216,,,,,,,295,1670,1670,136,815,815,,,,,,,159,855,94,419,52,216,216,52,216,216,,,,,,,136,815,815,136,815,815,,,,,,,1,5,5,1,7,7,5,,,1,,7,5,,1,41,35,10,10,4,6,4,,99,104,47,46,32,77,13,4,99,104,47,46,32,77,13,4,21,15,8,1,,6,1,,49,30,41,50,12,34,2,2,49,30,41,50,12,34,2,2,0,0,0,19,0,2,1,0,0,0,0,0,120,0,8,1,0,0,0,0,0,120,0,8,1,0,0,0,0,0,19,0,2,1,0,0,0,0,0,120,0,16,9,0,0,0,0,0,120,0,16,9,0,0,0,1,0,0,0,0,2,5,0,0,0,2,5,0,0,53,5,2,7,4,1,1,26,15,1,1,2,1,1,,1,1,,5,1,1,1,1,109,1,1,,1,5,,,,1,2,2,1,2,1,,,1,1,,,1,1,,1,,2,5,1,1,,1,1,69,,,6,1,1,1,,,1,,,3,1,1,1,1,1,,14,103,1,2,,,100,15,2,4,5,,1,61,22,2,,2,2,1,1,1,,,1,1,1,2,1,,2,6,1,1,1,1,,,1,200,1,1,1,1,,2,10,1,1,,3,,,1,2,1,,1,,,1,1,2,,,,,1,1,,,,,,1,2,,,,,1,1,,1,,,5,6,3,2,,,1,112,1,,,,1,16,,,,1,,1,,,,,1,1,1,,,1,1,1,,,,1,,1,,1,,,,,,,5,,,1
10/22/19,124,4,,5,130,130,35,430,430,24,234,234,,,,,,,148,1818,1818,92,907,907,,,,,,,56,911,29,437,24,234,234,24,234,234,,,,,,,92,907,907,92,907,907,,,,,,,,5,5,,7,7,2,,1,,,,1,,,12,5,5,1,3,6,3,,98,105,52,49,35,82,15,4,98,105,52,49,35,82,15,4,6,4,5,1,1,6,1,,52,33,46,51,12,38,3,2,52,33,46,51,12,38,3,2,0,0,0,4,0,1,1,0,0,0,0,0,125,0,8,1,0,0,0,0,0,125,0,8,1,0,0,0,0,0,4,0,3,1,0,0,0,0,0,124,0,19,10,0,0,0,0,0,124,0,19,10,0,0,0,0,0,0,0,0,2,5,0,0,0,2,5,0,0,54,5,2,7,6,1,1,27,15,1,1,2,1,1,,1,1,,5,1,1,1,1,113,1,1,,1,5,,1,,1,2,2,1,3,1,,,1,1,,,1,1,,1,,2,5,1,1,,1,1,71,,,6,1,1,1,,,1,,,3,1,1,1,1,1,,14,107,1,2,,,108,15,2,4,5,1,1,66,24,2,1,2,2,1,1,1,,,1,1,1,2,1,,2,7,1,1,1,1,,1,1,215,1,1,1,1,,2,10,,1,,3,1,,,2,1,,1,1,,1,1,2,2,,,,,,,,,,,,2,,,,,1,1,,,,1,5,6,3,2,1,,1,123,2,1,,,1,15,,1,1,,,1,,,,,,1,,,,1,1,,,,,1,1,1,,1,,,2,,,,6,,,1
10/23/19,127,3,,4,62,133,29,241,435,24,138,237,,,,,,,59,874,1877,47,484,954,,,,,,,12,390,9,209,24,138,237,24,138,237,,,,,,,47,484,954,47,484,954,,,,,,,,3,5,,4,7,,,,1,,2,,,,20,4,2,,,3,,,67,65,25,27,19,30,6,4,99,105,54,46,38,82,17,4,17,3,1,,,3,,,37,22,23,25,3,19,5,1,54,32,45,50,13,39,6,2,0,0,0,3,0,0,1,0,0,0,0,0,55,0,5,1,0,0,0,0,0,128,0,8,1,0,0,0,0,0,3,0,0,1,0,0,0,0,0,56,0,10,5,0,0,0,0,0,127,0,19,11,0,0,0,0,0,0,0,0,2,2,0,0,0,2,5,0,0,54,5,2,7,6,1,1,29,16,1,1,2,1,1,,1,1,,5,1,1,1,1,116,1,1,,1,5,,1,,1,2,2,1,3,1,,,1,1,1,,1,1,,1,,2,5,1,1,,1,1,73,,,6,1,1,1,,,1,,,3,1,1,1,1,1,,14,109,1,3,,,59,5,1,3,3,1,1,44,13,1,1,1,1,,1,,,,,,1,2,,,1,6,1,,1,1,,1,,121,1,1,,,,,6,,,,1,,,1,1,1,,,,,1,1,2,1,,,,,,,,,,,1,1,,1,,,,,,1,1,1,2,5,2,1,1,,,75,1,,,,1,7,,1,1,1,,,,,1,1,1,,,,1,1,,,,,,1,,,,,,,2,1,,,4,,,1
10/24/19,137,10,1,16,56,143,40,190,444,35,116,242,,,,,,,128,780,2005,86,457,1040,,,,,,,42,323,16,160,35,116,242,35,116,242,,,,,,,86,457,1040,86,457,1040,,,,,,,5,8,10,5,9,12,,,,1,,1,4,4,,21,5,3,5,,4,3,,54,47,20,21,15,24,9,4,101,104,54,50,36,82,23,4,18,6,5,2,,5,,,29,21,17,13,8,21,5,1,51,33,47,48,13,43,7,4,0,0,0,10,0,4,1,0,0,0,0,0,47,0,5,1,0,0,0,0,0,138,0,8,1,0,0,0,0,0,11,0,10,1,0,0,0,0,0,48,0,18,6,0,0,0,0,0,138,0,29,12,0,0,0,1,4,0,0,0,3,6,0,0,0,3,9,0,0,59,6,2,7,6,1,1,32,17,1,1,2,1,1,,1,1,,5,1,1,1,1,126,1,1,,1,5,,1,,1,2,2,1,3,1,1,,1,1,1,,1,1,,1,,2,5,1,1,,1,1,80,,,6,1,1,1,,1,1,1,,3,1,1,1,1,1,,14,119,1,3,,,49,3,1,2,3,1,1,39,12,1,1,1,,,1,,,,,,,1,,,1,5,,,1,1,,1,,105,1,1,,,,,5,,,,,,,,1,1,,,,,1,1,1,,,,,,,1,,,,,,1,,1,,,,,,,1,1,2,4,2,1,1,,,67,1,,,,1,6,,1,1,1,,,,,1,,1,,,,1,,,,,,,,,,,,,,2,1,,,3,,,1
10/25/19,138,1,,5,53,144,37,171,445,37,105,245,,,,,,,62,758,2067,55,458,1095,,,,,,,7,300,3,147,37,105,245,37,105,245,,,,,,,55,458,1095,55,458,1095,,,,,,,3,10,12,4,11,16,,1,,,,,,,,25,9,1,,,2,,,45,40,20,17,17,26,7,4,100,104,53,48,35,83,28,4,26,9,1,,,1,,,20,16,20,10,9,23,5,1,51,30,48,49,13,43,11,4,0,0,0,1,0,1,1,0,0,0,0,0,43,0,6,1,0,0,0,0,0,139,0,9,1,0,0,0,0,0,1,0,1,1,0,0,0,0,0,44,0,19,6,0,0,0,0,0,139,0,30,13,0,0,0,1,2,1,0,0,4,6,1,0,0,4,11,1,0,59,7,2,7,6,1,1,32,17,1,1,2,1,1,,1,1,,5,1,1,1,1,127,1,1,,1,5,,1,,1,2,2,1,2,1,1,,1,1,1,,1,1,1,1,,2,5,1,1,,1,1,80,,,7,1,1,1,,1,1,1,,3,1,1,1,1,1,,14,120,1,3,,,44,5,1,1,2,1,1,35,10,1,1,1,,,1,,,,,,,1,,,1,5,,,,1,,1,,95,1,,,,,,4,,,,,,,,1,1,1,,,,1,1,1,1,,,,,,1,,,,,,,,1,,,,,,,1,1,1,4,2,1,,,,59,1,,,,2,5,,1,1,1,,,,,1,,1,,,,1,,,,,,,,,,,,,,2,1,,,3,,,1
10/26/19,138,,,,50,144,6,174,445,5,108,245,,,,,,,6,744,2073,5,449,1100,,,,,,,1,295,1,144,5,108,245,5,108,245,,,,,,,5,449,1100,5,449,1100,,,,,,,,10,12,,11,16,,,,,,,,,,6,,,,,,,,51,39,19,17,17,26,6,4,100,104,53,48,34,84,28,4,5,,,,,,,,25,16,19,9,10,23,4,1,51,30,46,50,14,43,11,4,0,0,0,0,0,0,0,0,0,0,0,0,40,0,6,1,0,0,0,0,0,139,0,9,1,0,0,0,0,0,0,0,0,0,0,0,0,0,0,41,0,19,6,0,0,0,0,0,139,0,30,13,0,0,0,0,0,0,0,0,4,6,1,0,0,4,11,1,0,59,7,2,7,6,1,1,32,17,1,1,2,1,1,,1,1,,5,1,1,1,1,127,1,1,,1,5,,1,,1,2,2,1,3,1,1,1,1,1,1,,1,1,1,1,,2,5,1,1,,1,1,76,,,8,1,1,1,,1,1,1,,4,1,1,1,1,1,,14,120,1,3,,,45,5,1,1,2,1,1,37,10,1,1,1,,,1,,,,,,,,,,1,5,,,,1,,1,,99,1,,,,,,4,,,,,,,,1,1,,,1,,1,1,,,,,,,,1,,,,,,,,1,,,,,1,,1,1,1,4,2,1,,,,59,1,,,,2,7,1,1,1,1,,,1,,1,,1,,,,1,,,,,,,,,,,,,,2,1,,,3,,,1
10/27/19,140,2,,3,48,146,25,170,448,24,108,247,,,,,,,33,731,2106,31,452,1131,,,,,,,2,279,2,138,24,108,247,24,108,247,,,,,,,31,452,1131,31,452,1131,,,,,,,,9,12,,10,16,,,,,,1,1,,,20,4,,,1,,,,50,34,22,19,9,31,6,4,100,105,53,48,33,83,31,4,19,4,,1,,,,,25,13,20,14,3,28,3,1,52,30,44,49,17,40,15,4,0,0,0,2,0,0,1,0,0,0,0,0,39,0,5,1,0,0,0,0,0,141,0,9,1,0,0,0,0,0,2,0,0,1,0,0,0,0,0,40,0,16,6,0,0,0,0,0,141,0,30,14,0,0,0,0,0,0,0,0,3,6,1,0,0,4,11,1,0,61,7,2,7,6,1,1,32,17,1,1,2,1,1,,1,1,,5,1,1,1,1,129,1,1,,2,6,,1,,1,2,2,1,4,1,1,1,,1,1,,1,1,1,1,,2,5,1,1,,1,1,77,,,8,,,1,,1,1,1,,4,1,1,1,1,1,1,15,121,1,3,,,46,5,1,1,2,1,,37,10,1,1,1,,,1,,,,,,,,,,1,4,,,,1,,1,,100,1,,,,,,4,,,,,,,,2,1,,,1,,1,1,,1,,,,,,1,,1,,,,,,1,,,,,1,,1,1,1,3,2,1,,,,58,1,,,,1,6,1,1,1,1,,,1,,1,,1,,,,1,,,,,,,,,,,,,,3,1,,,3,,,1
10/28/19,141,1,,6,31,147,36,105,449,35,86,251,,,,,,,78,514,2184,69,385,1200,,,,,,,9,129,5,53,35,86,251,35,86,251,,,,,,,69,385,1200,69,385,1200,,,,,,,3,10,14,3,12,19,,,,,,1,,,,17,15,,,1,2,1,,32,9,12,9,11,24,3,3,98,107,51,45,38,80,35,4,16,15,1,,1,2,,,22,6,13,12,5,23,3,1,53,32,41,50,17,40,18,4,0,0,0,1,0,2,1,0,0,0,0,0,21,0,6,1,0,0,0,0,0,142,0,9,1,0,0,0,0,0,1,0,6,2,0,0,0,0,0,22,0,20,7,0,0,0,0,0,142,0,36,16,0,0,0,2,1,0,0,0,4,7,1,0,0,6,12,1,0,61,7,2,7,6,1,1,32,18,1,1,2,1,1,,1,1,1,5,1,1,1,1,129,1,1,,2,6,,1,,1,2,2,1,4,1,1,1,,1,1,,1,1,1,1,,2,5,1,1,1,1,1,77,,,8,,,1,,1,1,1,,4,1,1,1,1,1,1,15,122,1,3,,,39,5,1,1,2,1,1,24,8,1,1,1,,,,,,,,,,,,,1,4,,,,1,,1,,78,1,,,,,1,2,,,,,,,,2,,,,1,,,,,1,,,,,,1,,1,,,,,,1,1,,,,1,,1,1,1,3,1,1,,,,48,1,,,,1,5,,1,,,,,1,,1,,,,,,,,,,,,,,,,,,,,3,1,,,1,,,1
10/29/19,141,,,1,27,147,14,81,449,13,72,251,,,,,,,22,388,2206,21,314,1221,,,,,,,1,74,1,29,13,72,251,13,72,251,,,,,,,21,314,1221,21,314,1221,,,,,,,,10,14,,12,19,,,,,,,,,,11,1,1,,,1,,,24,7,6,13,8,17,3,2,98,107,51,45,37,79,37,4,10,1,1,,,1,,,19,7,9,10,6,18,3,,53,32,40,50,17,39,20,4,0,0,0,0,0,1,0,0,0,0,0,0,17,0,6,1,0,0,0,0,0,142,0,9,1,0,0,0,0,0,0,0,1,0,0,0,0,0,0,18,0,18,6,0,0,0,0,0,142,0,37,16,0,0,0,0,0,0,0,0,4,7,1,0,0,6,12,1,0,61,7,2,7,6,1,1,32,18,1,1,2,1,1,,1,1,1,5,1,1,1,1,129,1,1,,2,6,,1,,1,2,2,1,4,1,1,1,,1,1,,1,1,1,1,,2,5,1,1,1,1,1,77,,,8,,,1,,1,1,1,,4,1,1,1,1,1,1,15,122,1,3,,,33,5,1,1,2,,1,20,6,1,1,1,,,,,,,,,,,,,1,3,,,,1,,,,67,1,1,,,,1,2,,,,,,,,2,,,,1,,,,,1,,,,,,1,,1,,,,,,,1,,,,1,,1,,1,3,1,1,,,,41,,,,,1,5,,,,,,,,,1,,,,,,,,,,,,,,,,,,,,2,1,,,,,,1
10/30/19,142,1,,3,25,148,16,75,449,15,70,251,,,,,,,28,357,2234,24,291,1245,,,,,,,4,66,3,23,15,70,251,15,70,251,,,,,,,24,291,1245,24,291,1245,,,,,,,,10,14,,12,19,,,,,,1,,,,13,1,,1,,1,,,22,5,10,13,7,13,3,2,98,107,51,46,34,82,37,4,12,2,,,,1,,,18,7,14,8,6,14,2,1,53,32,41,50,14,41,21,4,0,0,0,1,0,1,1,0,0,0,0,0,15,0,6,1,0,0,0,0,0,143,0,9,1,0,0,0,0,0,1,0,1,1,0,0,0,0,0,16,0,19,6,0,0,0,0,0,143,0,38,17,0,0,0,0,0,0,0,0,4,7,1,0,0,6,12,1,0,62,7,2,7,6,1,1,32,18,1,1,2,1,1,,1,1,1,5,1,1,1,1,130,1,1,,2,6,1,1,,1,2,2,1,4,1,1,1,,1,1,,1,1,1,1,,2,5,1,1,1,1,1,77,,,8,,,1,,1,1,1,,4,1,1,1,1,1,1,15,123,1,3,,,33,5,1,1,2,,1,19,5,1,1,1,,,,,,,,,,,,,,3,,,,1,,,,66,1,1,,,,1,2,,,,,,,,2,,,,1,,,,,1,,,,,,1,,1,,,,,,,1,,,,1,,,,1,3,1,,,,,41,,,,,1,5,,,,,,,,,1,,,,,,,,,,,,,,,,,,,,2,1,,,,,,1
10/31/19,143,1,,1,14,149,8,69,453,3,63,251,,,,,,,12,241,2246,4,209,1249,,,,,,,8,32,5,14,3,63,251,3,63,251,,,,,,,4,209,1249,4,209,1249,,,,,,,,6,14,,7,19,,,,,,1,,,,4,4,,,,,,,21,14,8,8,7,7,2,1,99,108,52,46,33,83,37,4,2,1,,,,,,,18,12,8,8,6,9,1,,52,33,41,49,14,42,21,4,0,0,0,1,0,0,0,0,0,0,0,0,6,0,3,1,0,0,0,0,0,144,0,9,1,0,0,0,0,0,1,0,0,0,0,0,0,0,0,6,0,9,5,0,0,0,0,0,144,0,38,17,0,0,0,0,0,0,0,0,3,3,1,0,0,6,12,1,0,62,7,2,7,6,1,1,32,18,1,2,2,1,1,,1,1,1,5,1,1,1,1,131,1,1,,2,6,1,1,,1,2,2,1,4,1,1,1,,1,1,,1,1,1,1,,2,5,1,1,1,1,1,78,,,8,,,1,,1,1,1,,4,1,1,1,1,1,1,15,124,1,3,,,28,5,1,1,2,,1,17,4,1,1,1,,,,,,,,,,,,,,3,,,,1,,,,58,1,1,,,,1,2,,,,,,,,2,,,,1,,,,,1,,,,,,,,1,,,,,,,1,,,,1,,,,1,3,1,,,,,34,,,,,1,5,,,,,,,,,1,,,,,,,,,,,,,,,,,,,,2,1,,,,,,1
11/1/19,143,,,5,13,149,32,71,454,32,65,253,,,,,,,35,214,2281,33,187,1282,,,,,,,2,27,1,13,32,65,253,32,65,253,,,,,,,33,187,1282,33,187,1282,,,,,,,1,4,15,1,4,20,,,,,,,,,,30,1,1,,,,,,26,14,11,7,4,5,2,1,100,106,50,49,34,82,38,4,31,1,,,,,,,22,13,12,7,2,7,1,,49,37,41,49,14,43,21,4,0,0,0,0,0,3,1,0,0,0,0,0,5,0,4,1,0,0,0,0,0,144,0,9,1,0,0,0,0,0,0,0,3,1,0,0,0,0,0,5,0,11,5,0,0,0,0,0,144,0,41,18,0,0,0,0,1,0,0,0,2,2,0,0,0,6,13,1,0,62,7,2,7,6,1,1,32,18,1,2,2,1,1,,1,1,1,5,1,1,1,1,131,1,1,,2,6,1,1,,1,2,2,1,4,1,1,1,,1,1,,1,1,1,1,,2,5,1,1,1,1,1,78,,,8,,,1,,1,1,1,,4,1,1,1,1,1,1,15,124,1,3,,,30,5,1,,2,,1,16,5,1,2,1,,,,,,,,,,,,,,2,,,,1,,,,61,1,1,,,,1,2,,,,,,1,,2,,,,1,,,,,1,,,,,,,,1,,,,,,,1,,,,1,,,,1,2,1,,,,,37,,,,,,4,,,,,,,,,1,,,,,,,,,,,,,,,,,,,,2,1,,,,1,,1
11/2/19,143,,,,13,149,12,70,454,12,65,254,,,,,,,14,222,2295,13,195,1295,,,,,,,1,27,1,13,12,65,254,12,65,254,,,,,,,13,195,1295,13,195,1295,,,,,,,,4,15,,4,20,,,,,,,,,,11,,1,,,,,,23,15,9,7,7,5,2,1,100,105,51,48,35,82,37,5,11,1,,,,,,,20,14,11,7,4,7,1,,50,36,42,48,13,44,22,4,0,0,0,0,0,0,0,0,0,0,0,0,5,0,4,1,0,0,0,0,0,144,0,9,1,0,0,0,0,0,0,0,0,0,0,0,0,0,0,5,0,11,5,0,0,0,0,0,144,0,41,18,0,0,0,0,0,0,0,0,2,2,0,0,0,6,13,1,0,62,7,2,7,6,1,1,32,18,1,2,2,1,1,,1,1,1,5,1,1,1,1,131,1,1,,2,6,1,1,,1,2,2,1,4,1,1,1,1,1,1,,1,1,1,1,,2,5,1,1,1,1,1,78,,,8,,,1,,1,1,1,,4,1,1,1,1,1,,15,124,1,3,,,30,5,1,1,2,,1,14,6,1,2,1,,,,,,,1,,,,,,,2,,,,1,,,,60,1,1,,,,1,2,,,,,,1,,2,,,,,,,,,1,,,,,,,,1,,,,,,,1,,,,1,,,,1,2,1,,,,,38,,,,,,4,,,,,,,,,1,,,,,,,,,,,,1,,,,,,,,1,1,,,,1,,1
11/3/19,143,,,2,11,149,22,69,455,21,64,256,,,,,,,24,213,2319,21,185,1316,,,,,,,3,28,2,12,21,64,256,21,64,256,,,,,,,21,185,1316,21,185,1316,,,,,,,,4,15,,4,20,,,,,,,,,,20,2,,,,,,,22,18,7,9,6,3,2,1,98,108,50,49,35,81,37,6,21,,,,,,,,20,16,9,8,4,5,1,,52,35,43,47,14,43,23,4,0,0,0,0,0,1,1,0,0,0,0,0,3,0,4,1,0,0,0,0,0,144,0,9,1,0,0,0,0,0,0,0,1,1,0,0,0,0,0,3,0,12,5,0,0,0,0,0,144,0,42,19,0,0,0,0,0,0,0,0,2,2,0,0,0,6,13,1,0,62,7,2,7,6,1,1,32,18,1,2,2,1,1,,1,1,1,5,1,1,1,1,131,1,1,1,,6,,1,,1,2,2,1,4,1,1,1,1,1,1,,1,1,1,1,,2,5,1,1,1,1,1,79,,,8,,1,1,,1,1,1,,4,1,1,1,1,1,,15,124,1,3,,,29,5,1,1,3,,1,12,7,1,2,1,,,,,,,1,,,,,,,2,,,,1,,,,59,1,1,,,,1,3,,,,,,1,,2,,,,,,,,,1,,,,,,,,1,,,,,,,1,,,,1,,,,1,2,1,,,,,36,,,,,,4,,,,,,,,,1,,,,,,,,,,,,1,,,,,,,,1,1,,,,1,,1
11/4/19,143,,,1,8,149,31,69,457,29,63,261,,,,,,,45,180,2364,39,155,1355,,,,,,,6,25,5,12,29,63,261,29,63,261,,,,,,,39,155,1355,39,155,1355,,,,,,,,1,15,,1,20,,,,,,,,,,22,5,3,1,,,,,23,21,10,4,6,3,1,,97,111,50,49,34,80,38,8,22,4,3,,,,,,21,18,10,6,6,,1,,56,34,44,48,13,43,24,4,0,0,0,0,0,0,1,0,0,0,0,0,2,0,4,1,0,0,0,0,0,144,0,9,1,0,0,0,0,0,0,0,0,2,0,0,0,0,0,2,0,6,5,0,0,0,0,0,144,0,42,21,0,0,0,0,0,0,0,0,0,1,0,0,0,6,13,1,0,62,7,2,7,6,1,1,32,18,1,2,2,1,1,,1,1,1,5,1,1,1,1,131,1,1,1,,6,,1,,1,2,2,1,7,1,1,1,1,1,1,,1,1,,1,,2,5,1,1,1,1,1,78,,,8,,1,1,,,1,1,,4,1,1,1,1,1,,15,124,1,3,,,28,6,1,2,3,,1,11,7,,2,1,,,,,,,1,,,,,,,2,,,,,,,,59,,1,,,,,3,,,,,,1,,2,,,,,,,,,2,,1,,,,,,1,,,,,,,,,,,1,,,,1,2,1,,,,,35,,,,,,4,,,,,,1,,,1,,,,,,,,,,,,1,,,,,,,,1,1,,,,1,,1
11/5/19,144,1,,2,9,150,6,68,459,5,61,261,,,,,,,24,182,2388,18,152,1373,,,,,,,6,30,2,13,5,61,261,5,61,261,,,,,,,18,152,1373,18,152,1373,,,,,,,,1,15,,1,20,,1,,,,,,,,5,,,,,,1,,24,21,7,10,2,1,1,1,98,111,50,49,34,80,38,8,4,,,,,,1,,21,18,8,11,,1,1,,56,34,44,48,12,43,25,4,0,0,0,1,0,0,1,0,0,0,0,0,3,0,4,1,0,0,0,0,0,145,0,9,1,0,0,0,0,0,1,0,0,3,0,0,0,0,0,3,0,5,8,0,0,0,0,0,145,0,42,24,0,0,0,0,0,0,0,0,0,1,0,0,0,6,13,1,0,62,7,2,7,6,1,1,33,18,1,2,2,1,1,,1,1,1,5,1,1,1,1,132,1,1,1,,6,,1,,1,2,2,1,7,1,1,1,1,1,1,,1,1,,1,,2,5,1,1,1,1,1,79,,,8,,1,1,,,1,1,,4,1,1,1,1,1,,15,125,1,3,,,26,6,1,2,3,,1,11,7,,2,1,,,,,,,1,,,,,,,2,,,,,,,,57,,1,,,,,2,,,,,,1,,2,,,,,,,,,4,,1,,,,,,1,,,,,,,,,,,,,,,1,2,1,,,,,33,,,,,,4,,,,,,1,,,1,,,,,,,,,,,,1,,,,,,,,1,1,,,,1,,1
11/6/19,144,,,1,7,150,25,72,459,25,64,263,,,,,,,30,184,2418,30,158,1403,,,,,,,,26,,12,25,64,263,25,64,263,,,,,,,30,158,1403,30,158,1403,,,,,,,,1,15,,1,20,,,,,,,,,,21,3,1,,,,,,27,22,3,14,3,1,,1,97,111,51,48,34,81,35,11,21,3,1,,,,,,24,18,3,15,2,,1,,57,35,43,49,9,44,27,4,0,0,0,0,0,0,1,0,0,0,0,0,2,0,3,1,0,0,0,0,0,145,0,9,1,0,0,0,0,0,0,0,0,1,0,0,0,0,0,2,0,4,8,0,0,0,0,0,145,0,42,25,0,0,0,0,0,0,0,0,0,1,0,0,0,6,13,1,0,62,7,2,7,6,1,1,33,18,1,2,2,1,1,,1,1,1,5,1,1,1,1,132,1,1,1,,6,,1,,1,2,2,1,6,1,1,,,1,1,,1,1,,1,,1,5,1,1,1,1,1,82,,,8,,1,1,,,1,1,,4,1,1,1,1,1,1,15,125,1,3,,,27,5,1,2,3,,1,14,7,,2,1,,,,,,,1,,,,,,,2,,,,,,,,60,,1,,,1,,2,,,,,,1,,2,,,,,,,,,4,,1,,,,,,1,,,,,,,,,,,,,,,1,2,,,,,,35,,,,,,5,,,,,,1,,,1,,,,,,,,,,,,1,,,,,,,,1,1,,,,1,,1
11/7/19,145,1,,1,7,151,6,68,460,5,64,264,,,,,,,8,180,2426,6,160,1409,,,,,,,2,20,1,8,5,64,264,5,64,264,,,,,,,6,160,1409,6,160,1409,,,,,,,,1,15,,1,20,,,,,,1,,,,4,2,,,,,,,26,17,5,14,3,1,,1,98,111,51,48,34,80,36,11,4,1,,,,,,,24,16,5,15,2,,1,,58,35,43,49,9,44,27,4,0,0,0,1,0,0,0,0,0,0,0,0,2,0,3,1,0,0,0,0,0,146,0,9,1,0,0,0,0,0,1,0,0,0,0,0,0,0,0,2,0,4,8,0,0,0,0,0,146,0,42,25,0,0,0,0,0,0,0,0,0,1,0,0,0,6,13,1,0,62,7,2,8,6,1,1,33,18,1,2,2,1,1,1,1,1,1,5,1,1,1,1,132,1,1,1,,6,,1,,1,2,2,1,6,1,1,,,1,1,,1,1,,1,,1,5,1,1,1,1,1,82,,,8,,1,1,1,,1,1,,4,1,1,1,1,1,1,15,125,1,3,1,,27,5,1,3,3,,1,14,6,,2,1,,,,,,1,1,,,,,,,2,,,,,,,,59,,1,,,1,,2,,,,,,1,,2,,,,,,,,,4,,1,,,,,,,,,,,,,,,,,,,,,1,2,,,,,,35,,,,,,5,,,,,,1,,,1,,,,,1,,,,,,,1,,,,,,,,1,1,,,,1,,1
11/8/19,145,,,4,7,151,31,68,461,30,64,264,,,,,,,43,188,2469,38,165,1447,,,,,,,5,23,3,9,30,64,264,30,64,264,,,,,,,38,165,1447,38,165,1447,,,,,,,3,3,17,3,3,23,,,,,,,,,,28,1,1,,,1,,,29,12,5,15,3,1,1,1,98,111,50,49,35,77,38,12,28,1,,,,1,,,27,12,4,15,3,1,1,,56,34,45,48,11,41,28,6,0,0,0,0,0,2,1,0,0,0,0,0,2,0,3,1,0,0,0,0,0,146,0,10,1,0,0,0,0,0,0,0,2,1,0,0,0,0,0,2,0,3,8,0,0,0,0,0,146,0,44,26,0,0,0,0,1,2,0,0,0,1,2,0,0,6,14,3,0,62,7,2,8,6,1,1,33,18,1,2,2,1,1,1,1,1,1,5,1,1,1,1,132,1,1,1,,6,,1,,1,2,2,1,6,1,1,,,1,1,,1,1,,1,,1,5,1,1,1,1,1,82,,,8,,1,1,1,,1,1,,4,1,1,1,1,1,1,15,125,1,3,1,,28,3,,3,3,,1,18,5,,1,1,,,,,,1,1,,,,,,,2,,,,,,,,59,,1,,,1,,3,,,,,,,,2,,,,1,,,,,4,,1,,,,,,,,,,,,,,,,,,,,,1,2,,,,,,34,,,,,,6,,,,,,1,,,1,,,,,1,,,,,,,1,,,,,,,,1,,,,,1,,1
11/9/19,145,,,3,9,153,21,70,463,20,66,268,,,,,,,29,203,2498,25,177,1472,,,,,,,4,26,3,10,20,66,268,20,66,268,,,,,,,25,177,1472,25,177,1472,,,,,,,,3,17,,3,23,,,,,,,,,,15,5,,1,,,,,30,9,7,11,8,2,1,1,97,109,50,53,35,77,37,13,15,5,,,,,,,29,8,7,10,8,2,1,,58,32,47,49,11,41,26,8,0,0,0,0,0,1,2,0,0,0,0,0,2,0,4,2,0,0,0,0,0,146,0,10,2,0,0,0,0,0,0,0,1,2,0,0,0,0,0,2,0,4,10,0,0,0,0,0,146,0,45,28,0,0,0,0,0,0,0,0,0,1,2,0,0,6,14,3,0,62,7,2,8,6,1,1,33,18,1,2,2,1,1,1,1,1,1,5,1,1,1,1,132,1,1,1,,6,,1,,1,2,2,1,6,1,1,,,1,1,,1,1,,1,,1,5,1,1,1,1,1,82,,,8,,1,1,1,,1,1,,4,1,1,1,1,1,1,15,125,1,3,1,,29,4,,2,3,,1,19,5,,1,1,,,,,,1,,,,,,1,,2,,,,,,,,61,,1,,,1,,3,,,1,,,,,2,,,,1,,,,,4,,1,,,,,,,,,,,,,,,,,,,,,1,2,,,,,,34,,,,,,5,,,,,,1,,,1,,,,,1,,,,,,,,,,,1,,,,2,,,,,1,1,1
11/10/19,145,,,2,9,153,19,68,463,19,65,268,,,,1,1,1,39,218,2537,37,193,1509,,,,1,1,1,2,25,1,10,19,65,268,19,65,268,,,,1,1,1,37,193,1509,37,193,1509,,,,1,1,1,1,4,17,1,4,24,,,,,,,,,,15,3,,,,,1,,31,5,8,9,5,6,2,1,97,109,50,52,35,78,36,14,15,3,,,,,1,,30,5,7,9,6,5,2,,58,31,47,49,12,41,23,11,0,0,0,0,0,0,1,0,0,0,0,0,2,0,3,2,0,0,0,0,0,146,0,10,2,0,0,0,0,0,0,0,0,1,0,0,0,0,0,2,0,3,10,0,0,0,0,0,146,0,45,29,0,0,0,1,0,0,0,0,1,1,2,0,0,7,14,3,0,62,7,2,8,6,1,1,33,18,1,2,2,1,1,1,1,1,1,5,1,1,1,1,132,1,1,1,,6,,1,,1,2,2,1,4,1,1,,,1,1,,1,1,,1,,1,5,1,1,1,1,1,84,,,8,,1,1,1,,1,1,,4,1,1,1,1,1,1,15,125,1,3,1,,29,6,,2,2,,1,18,4,,1,1,,,,,,1,,,,,,1,,2,,,,,,,,60,,1,,,1,,2,,,1,,,,,2,,,,1,,,,,4,,1,,,,,,,,,,,,,,,,,,,,,1,2,,,,,,34,,,,,,5,,,,,,1,,,1,,,,,1,,,,,,,,,,,1,,,,2,,,,,1,1,1
11/11/19,146,1,,2,10,154,21,63,464,20,60,269,,,,,1,1,28,201,2565,24,178,1533,,,,,1,1,4,23,3,10,20,60,269,20,60,269,,,,,1,1,24,178,1533,24,178,1533,,,,,1,1,,4,17,,4,24,,,,,,1,,,,17,2,1,1,,,,,25,12,4,9,4,6,1,1,96,111,49,52,35,79,34,16,17,2,1,,,,,,24,11,4,9,5,4,2,,57,33,46,50,12,40,24,11,0,0,0,1,0,0,1,0,0,0,0,0,3,0,3,2,0,0,0,0,0,147,0,10,2,0,0,0,0,0,1,0,0,1,0,0,0,0,0,3,0,3,9,0,0,0,0,0,147,0,45,30,0,0,0,0,0,0,0,0,1,1,2,0,0,7,14,3,0,62,8,2,8,6,1,1,33,18,1,2,2,1,1,1,1,1,1,6,1,1,1,1,132,1,1,1,1,5,,1,,1,2,2,1,4,1,1,,1,1,1,,1,1,,1,,1,6,1,1,1,1,1,83,,,8,1,,1,1,,1,1,,4,1,1,2,1,1,,15,126,1,3,1,,24,5,1,1,2,,1,17,5,1,1,1,,,,,,1,,,,,,1,,3,,,,,,,,54,,1,,,1,,2,,,1,,,,,2,,,,1,,,,,2,,,,,,,,,,,,,,,,,,,,,,,1,3,,,,,,31,,,,,,5,,,,,,1,,,1,,,,,1,,,,,,,,,,,1,,,,2,,,,,1,1,1
11/12/19,147,1,,2,11,156,9,64,466,7,61,270,,,,2,3,3,9,186,2574,7,167,1540,,,,2,3,3,2,19,2,10,7,61,270,7,61,270,,,,2,3,3,7,167,1540,7,167,1540,,,,2,3,3,1,5,18,1,5,25,,,,,,1,,,,9,,,,,,,,27,13,1,6,8,7,1,,98,111,49,51,36,79,34,16,7,,,,,,,,26,12,2,7,8,4,1,,58,32,47,50,12,40,24,11,0,0,0,1,0,0,0,0,0,0,0,0,3,0,3,2,0,0,0,0,0,148,0,10,2,0,0,0,0,0,1,0,0,0,0,0,0,0,0,3,0,3,6,0,0,0,0,0,148,0,45,30,0,0,0,1,0,0,0,0,2,1,2,0,0,8,14,3,0,62,8,2,8,6,2,1,33,18,1,2,2,1,1,1,1,1,1,6,1,1,1,1,133,1,1,1,1,5,,1,1,1,2,2,1,4,1,1,,1,1,1,,1,1,,1,,1,6,1,1,1,1,1,83,,,8,1,,1,1,,1,1,,4,1,1,2,1,1,,15,127,1,3,1,,24,5,1,1,2,,1,18,5,1,1,1,,,,,,1,,,,,,2,,4,,,,,,,,53,,1,,,1,1,1,,,1,,,,,2,,,,1,,,,,2,,,,,,,,,,,,,1,,,,,,,,,,1,4,,,,,,30,,,,,,5,,,,1,,,,,1,,,,,1,,,,,,,,,,,1,,,,2,,,,,1,1,1
11/13/19,147,,,2,12,92,25,67,292,23,63,186,,,,1,4,4,30,186,1601,25,162,1095,,,,1,4,4,5,24,4,12,23,63,186,23,63,186,,,,1,4,4,25,162,1095,25,162,1095,,,,1,4,4,1,6,17,1,6,23,,,,,,,,,,22,1,2,,,,,,31,11,4,5,8,6,1,,68,70,26,25,23,44,27,9,22,,1,,,,,,30,10,4,6,8,3,1,,39,24,31,20,5,35,23,6,0,0,0,0,0,0,1,0,0,0,0,0,3,0,3,2,0,0,0,0,0,75,0,8,2,0,0,0,0,0,0,0,0,1,0,0,0,0,0,3,0,3,6,0,0,0,0,0,77,0,36,25,0,0,0,0,1,0,0,0,2,2,2,0,0,8,12,3,0,62,8,2,8,6,2,1,33,18,1,2,2,1,1,1,1,1,1,6,1,1,1,1,133,1,1,1,1,5,,1,1,1,2,2,1,4,1,1,,1,1,1,,1,1,,1,,1,6,1,1,1,1,1,83,,,8,1,,1,1,,1,1,,4,1,1,2,1,1,,15,127,1,3,1,,23,6,1,1,2,,1,17,7,1,2,1,,,,,,1,,,,,,3,,4,,1,,1,,,,52,1,1,,,,1,1,,,1,,,1,,2,,,,1,,,,,2,,,,,,,,,1,1,,,1,,,,,,,,,,1,4,,,,,,29,,,,,,6,,,,,,,,,1,,,,,1,,,,,,,,,,,1,,,,2,,,,,1,1,1
11/14/19,148,1,,1,12,73,10,72,243,7,66,161,,,,,4,4,14,192,1393,9,165,991,,,,,4,4,5,27,4,15,7,66,161,7,66,161,,,,,4,4,9,165,991,9,165,991,,,,,4,4,,6,17,,6,23,,,,,,1,,,,8,1,,1,,,,,34,12,5,6,9,4,1,,61,57,24,18,16,35,25,8,6,,1,,,,,,32,10,6,5,9,2,1,,36,22,26,10,5,33,22,5,0,0,0,1,0,0,0,0,0,0,0,0,3,0,3,2,0,0,0,0,0,58,0,7,2,0,0,0,0,0,1,0,0,0,0,0,0,0,0,3,0,3,6,0,0,0,0,0,59,0,34,25,0,0,0,0,0,0,0,0,2,2,2,0,0,8,12,3,0,61,9,2,8,6,2,1,34,18,1,2,2,1,1,1,1,1,1,6,1,1,1,1,134,1,1,,2,6,,1,,1,2,2,1,3,1,1,,1,1,1,,1,1,,1,,2,6,1,1,1,1,1,81,1,,9,,,1,1,1,1,2,,4,1,1,2,1,1,,15,128,1,3,1,,25,6,1,1,2,,,19,7,1,2,1,,,,,,1,,,,,,3,,3,,1,,1,,,,56,1,1,,,,1,1,,,1,,,1,,2,,,,1,,,,,2,,,,,,,,,1,1,,,1,,,,,,,,,,1,3,,,,,,32,1,,,,,6,,,,,,,,,1,,,,,1,,,,,,,,,,,1,,,,2,,,,,1,1,1
11/15/19,148,,,,9,68,3,64,228,2,57,151,,,,,4,4,4,153,1313,2,129,939,,,,,4,4,2,24,1,14,2,57,151,2,57,151,,,,,4,4,2,129,939,2,129,939,,,,,4,4,,3,16,,3,21,,,,,,,,,,2,1,,,,,,,32,11,4,10,4,1,1,,57,56,19,18,16,34,23,7,2,,,,,,,,29,9,5,9,3,,1,,33,23,22,11,6,31,20,4,0,0,0,0,0,0,0,0,0,0,0,0,3,0,1,2,0,0,0,0,0,54,0,7,2,0,0,0,0,0,0,0,0,0,0,0,0,0,0,3,0,1,5,0,0,0,0,0,54,0,34,24,0,0,0,0,0,0,0,0,2,1,0,0,0,8,10,3,0,61,9,2,8,6,2,1,34,18,1,2,2,1,1,1,1,1,1,6,1,1,1,1,134,1,1,,2,6,,1,,1,2,2,1,3,1,1,,1,1,1,,1,1,,1,,2,6,1,1,1,1,1,81,1,,9,,,1,1,1,1,2,,4,1,1,2,1,1,,15,128,1,3,1,,20,6,1,1,2,,,15,7,1,2,1,,,,,,1,,,,,,3,,3,,1,,1,,,,47,1,1,,,,1,,,,1,,,1,,2,,,,,,,,,3,,,,,,,,,1,1,,,1,,,,,,,,,,1,3,,,,,,26,1,,,,,4,,,,,,,,,1,,,,,1,,,,,,,,,,,1,,,,2,,,,,1,1,1
11/16/19,148,,,3,9,67,43,76,233,43,70,158,,,,,4,4,58,182,1351,49,153,974,,,,,4,4,9,29,2,13,43,70,158,43,70,158,,,,,4,4,49,153,974,49,153,974,,,,,4,4,2,5,18,2,5,23,,,,,,,,,,40,2,,,,,1,,41,13,6,7,4,2,2,,63,52,21,16,18,32,25,8,41,1,,,,1,,,39,10,7,6,5,1,1,,39,19,24,12,6,30,20,6,0,0,0,0,0,0,1,0,0,0,0,0,3,0,0,1,0,0,0,0,0,51,0,7,2,0,0,0,0,0,0,0,0,1,0,0,0,0,0,3,0,0,4,0,0,0,0,0,51,0,34,25,0,0,0,0,1,1,0,0,2,2,1,0,0,8,11,4,0,61,9,2,8,6,2,1,34,18,1,2,2,1,1,1,1,1,1,6,1,1,1,1,134,1,1,,2,6,,1,,1,2,2,1,3,1,1,,1,1,1,,1,1,,1,,2,6,1,1,1,1,1,81,1,,9,,,1,1,1,1,2,,4,1,1,2,1,1,,15,128,1,3,1,,27,6,1,,2,,,18,10,1,2,2,,,,,,,,,,,,3,,3,,1,,1,1,,,60,1,1,,,,1,2,,,1,,,1,,2,,,,,,,,,1,,,1,1,,,,,1,1,,,1,,,,,,,,,,1,3,,,,1,,37,2,,,,,4,,,,,,,,,1,,,,,,,,,,,,,,,,1,,,,1,,,,,2,,1
11/17/19,149,1,,3,8,64,28,84,232,28,78,163,,,,,3,4,129,272,1434,110,226,1056,,,,,3,4,19,46,8,18,28,78,163,28,78,163,,,,,3,4,110,226,1056,110,226,1056,,,,,3,4,1,4,17,1,5,23,,,,,,,,1,,20,,1,1,,1,3,2,38,21,7,7,1,3,4,2,60,52,21,16,15,37,26,8,21,1,,,1,1,2,2,38,18,7,6,3,2,2,2,41,20,24,10,6,34,19,8,0,0,0,1,0,0,1,0,0,0,0,0,4,0,0,1,0,0,0,0,0,49,0,7,2,0,0,0,0,0,1,0,0,1,0,0,0,0,0,4,0,0,4,0,0,0,0,0,49,0,31,25,0,0,0,0,1,0,0,0,1,3,1,0,0,7,12,4,0,61,9,2,8,6,2,1,34,18,1,3,2,1,1,1,1,1,1,6,1,1,1,1,135,1,1,,2,6,,1,,1,2,2,1,3,1,1,,1,1,1,,1,1,,1,,2,6,1,1,1,1,1,82,1,,9,,,1,1,1,1,2,,4,1,1,2,1,1,,15,129,1,3,1,,32,5,1,,2,,,22,10,1,3,2,,,,,,,,,,,,3,,3,,1,,1,2,,,68,1,1,,,,1,2,,,1,,,1,,2,,,,,,,,,2,,,1,1,,,,,1,1,,,1,,,,,,,,,,1,3,,,,1,,43,2,,,,,4,,,,,,,,,1,,,1,,,,,,,,,,,,,1,,,,1,1,,1,,1,,1
11/18/19,148,,1,9,14,49,44,91,171,43,86,140,,,,,3,4,114,358,1253,96,298,1016,,,,,3,4,18,60,6,20,43,86,140,43,86,140,,,,,3,4,96,298,1016,96,298,1016,,,,,3,4,7,10,21,7,12,29,,,,,,,,,,23,12,3,1,1,3,,1,34,19,12,7,5,6,4,3,41,23,16,10,14,34,15,14,23,15,3,,,1,,1,34,18,12,6,4,5,3,3,30,14,19,11,7,30,15,12,0,0,0,0,0,2,1,0,0,0,0,0,3,0,2,1,0,0,0,0,0,29,0,7,2,0,0,0,0,0,0,0,2,2,0,0,0,0,0,3,0,2,5,0,0,0,0,0,30,0,31,26,0,0,0,3,4,0,0,0,4,7,1,0,0,9,16,4,0,61,9,2,8,6,2,1,33,18,1,3,2,1,1,1,1,1,1,6,1,1,1,1,134,1,1,,2,6,,1,,1,2,2,1,3,1,1,,1,1,1,,1,1,,1,,2,6,1,1,1,1,1,82,1,,9,,,1,1,1,1,1,,4,1,1,2,1,1,,15,128,1,3,1,,36,5,,2,2,,,24,10,1,3,2,,,,,,1,,,,,,3,,2,,1,1,1,2,,,74,1,1,,,,1,2,,,1,,,1,,2,,,,1,,,,,2,,,1,1,,,,,1,1,,,1,,,,,,,,,,,2,,,1,1,,47,2,,,,,4,,,,,,,,,1,,,1,,1,,,,,,,,,,,2,,,,1,1,,1,,2,,1
11/19/19,148,,,5,14,46,35,93,149,35,89,128,,,,,1,4,202,551,1307,177,468,1101,,,,,1,4,25,83,7,23,35,89,128,35,89,128,,,,,1,4,177,468,1101,177,468,1101,,,,,1,4,3,12,22,3,14,32,,,,,,,,,,8,7,3,5,6,1,3,2,27,18,10,5,3,16,7,6,33,18,13,11,10,23,21,17,9,6,3,6,6,1,2,2,29,16,9,4,4,16,5,5,28,9,14,12,5,23,18,17,0,0,0,0,0,1,1,0,0,0,0,0,2,0,3,1,0,0,0,0,0,25,0,8,2,0,0,0,0,0,0,0,1,7,0,0,0,0,0,2,0,3,12,0,0,0,0,0,26,0,29,32,0,0,0,1,1,1,0,0,4,8,2,0,0,10,17,5,0,61,9,2,8,6,2,1,33,18,1,3,2,1,1,1,1,1,1,6,1,1,1,1,134,1,1,,2,6,,1,,1,2,2,1,3,1,1,,1,1,1,,1,1,,1,,2,6,1,1,1,1,1,81,1,,10,,,1,1,1,1,1,,4,1,1,2,1,1,,15,128,1,3,1,1,37,5,,2,3,,,24,10,1,3,2,,,,,1,1,,,,,,1,,2,,1,1,1,2,,,78,1,1,,,,1,2,,,,,,1,,2,,,,1,,,,,2,,,1,1,,,1,,1,1,,,,,,,,,,,,,1,2,,,1,1,,49,2,,,,,4,,,,,,,,,1,,,1,,1,,,,,,1,,,,,2,,,,1,1,,1,,2,,1
11/20/19,149,1,,7,18,46,22,89,143,22,86,125,,,,,,4,159,680,1407,136,579,1190,,,,,,4,23,101,4,21,22,86,125,22,86,125,,,,,,4,136,579,1190,136,579,1190,,,,,,4,2,13,23,4,17,36,,,,,,,,1,,12,2,1,1,1,1,1,3,26,17,7,3,4,18,3,10,31,17,12,12,9,22,18,19,12,2,1,1,1,1,1,3,28,15,7,2,4,17,4,8,27,9,15,10,6,22,15,19,0,0,0,1,0,6,1,0,0,0,0,0,3,0,7,1,0,0,0,0,0,23,0,10,2,0,0,0,0,0,1,0,128,1,0,0,0,0,0,3,0,131,12,0,0,0,0,0,24,0,157,32,0,0,0,2,2,0,0,0,6,9,2,0,0,12,19,5,0,61,9,2,8,6,2,1,34,18,1,3,2,1,1,1,1,1,1,6,1,1,1,1,135,1,1,,2,6,,1,,1,2,2,1,4,1,1,,,1,1,,1,1,,1,1,2,6,1,1,1,1,1,80,1,,11,,,1,1,1,1,1,,3,1,1,2,1,1,1,15,129,1,3,1,1,37,4,,2,3,,,24,9,1,2,2,,,,,1,1,,,,,,,,2,,,1,1,2,,,77,1,1,,,,1,2,,,,,,1,,2,,,,1,,,,,2,,,1,1,,,1,,,,,,,,,,,,,,,,1,2,1,,1,1,,45,2,,,,,6,,,,,,,,,1,,,1,,1,,,,,,1,,,,,2,,,,1,1,,1,,2,,1
11/21/19,149,,,1,18,38,9,90,139,9,88,124,,,,,,4,13,679,1292,13,583,1117,,,,,,4,,96,,20,9,88,124,9,88,124,,,,,,4,13,583,1117,13,583,1117,,,,,,4,1,14,21,1,18,32,,,,,,,,,,7,1,,1,,,,,28,15,9,3,2,19,4,9,29,19,15,10,8,18,17,19,7,1,,1,,,,,30,14,9,2,2,18,4,8,29,10,14,11,6,17,15,19,0,0,0,0,0,0,0,0,0,0,0,0,2,0,7,1,0,0,0,0,0,13,0,10,2,0,0,0,0,0,0,0,0,0,0,0,0,0,0,2,0,131,12,0,0,0,0,0,13,0,147,31,0,0,0,1,0,0,0,0,7,9,2,0,0,12,15,5,0,61,9,2,8,6,2,1,34,18,1,3,2,1,1,1,1,1,1,6,1,1,1,1,135,1,1,,2,6,,1,,1,2,2,1,4,1,1,,,1,1,,1,1,,1,1,2,6,1,1,1,1,1,80,1,,11,,,1,1,1,1,1,,3,1,1,2,1,1,1,15,129,1,3,1,1,38,4,,2,3,,1,24,9,1,2,2,,,,,1,1,,,,,,,,3,,,1,1,2,,,78,1,1,,,,1,2,,,,,,1,,2,,,,1,,,,,2,,,1,1,,,1,,,,,,,,,,,,,,,,1,3,1,,1,1,,46,2,,,,,7,,,,,,,,,1,,,1,,1,,,,,,1,,,,,1,,,,1,1,,1,,2,,1
11/22/19,148,,1,1,19,35,7,91,134,6,89,119,,,,,,4,10,685,1240,7,588,1069,,,,,,4,3,97,2,21,6,89,119,6,89,119,,,,,,4,7,588,1069,7,588,1069,,,,,,4,1,15,19,1,19,29,,,,,,,,,,6,,,1,,,,,30,14,7,5,2,18,5,9,27,24,14,7,7,19,17,17,5,1,,,,,,,31,14,7,4,2,17,5,8,25,16,13,8,5,18,15,17,0,0,0,0,0,0,0,0,0,0,0,0,2,0,7,1,0,0,0,0,0,12,0,9,2,0,0,0,0,0,0,0,0,0,0,0,0,0,0,2,0,131,12,0,0,0,0,0,12,0,146,30,0,0,0,0,1,0,0,0,7,10,2,0,0,11,14,4,0,60,9,2,8,6,2,1,34,18,1,3,2,1,1,1,1,1,1,6,1,1,1,1,134,1,1,,2,6,,1,,1,2,2,1,4,1,1,,,1,1,,1,1,,1,1,2,6,1,1,1,1,1,79,1,,11,,,1,1,1,1,1,,3,1,1,2,1,1,1,15,128,1,3,1,1,38,4,,2,4,,1,24,9,1,2,2,,,,,1,1,,,,,,,,3,,,1,1,2,,,79,1,1,,,,1,2,,,,,,1,,2,,,,1,,,,,2,,,1,1,,,1,,,,,,,,,,,,,,,,1,3,1,,1,1,,47,2,,,,,7,,,,,,,,,1,,,1,,1,,,,,,1,,,,,1,,,,1,1,,1,,2,,1
11/23/19,148,,,3,21,35,16,78,134,16,76,119,,,,,,4,20,647,1254,18,557,1082,,,,,,4,2,90,1,21,16,76,119,16,76,119,,,,,,4,18,557,1082,18,557,1082,,,,,,4,1,14,19,1,18,30,,,,,,,,,,13,2,1,,,,,,21,12,8,1,5,18,4,9,28,23,12,10,6,20,15,18,14,2,,,,,,,22,12,9,,4,17,4,8,26,15,11,11,4,18,14,18,0,0,0,0,0,1,1,0,0,0,0,0,2,0,8,1,0,0,0,0,0,12,0,10,2,0,0,0,0,0,0,0,1,1,0,0,0,0,0,2,0,132,12,0,0,0,0,0,12,0,147,31,0,0,0,0,1,0,0,0,7,10,1,0,0,11,15,4,0,60,9,2,8,6,2,1,34,18,1,3,2,1,1,1,1,1,1,6,1,1,1,1,134,1,1,,2,6,,1,,1,2,2,1,4,1,1,,,1,1,,1,1,,1,1,2,6,1,1,1,1,1,80,,,11,,,1,1,1,1,1,,3,1,1,2,1,1,1,15,128,1,3,1,1,30,4,,2,4,,1,21,9,1,2,1,,,,,1,1,,,,,,,,3,,,1,1,1,,,68,1,1,,,,1,2,,,,,,1,,2,,,,1,,,,,2,,,,,,,1,,,,,,,,,,,,,,,,1,3,1,,1,1,,40,2,,,,,6,,,,,,,,,1,,,1,,1,,,,,,1,,,,,,,,,1,1,,1,,1,,1
11/24/19,148,,,1,21,34,15,74,133,14,71,118,,,,,,4,16,534,1237,14,461,1065,,,,,,4,2,73,1,18,14,71,118,14,71,118,,,,,,4,14,461,1065,14,461,1065,,,,,,4,,14,19,,17,30,,,,,,,,,,14,1,,,,,,,19,17,3,2,3,20,2,7,29,21,11,13,6,18,17,16,14,,,,,,,,19,17,4,2,1,19,1,7,28,12,10,13,5,17,15,16,0,0,0,0,0,1,0,0,0,0,0,0,1,0,9,1,0,0,0,0,0,10,0,11,2,0,0,0,0,0,0,0,1,0,0,0,0,0,0,1,0,133,11,0,0,0,0,0,10,0,148,30,0,0,0,0,0,0,0,0,7,9,1,0,0,11,15,4,0,60,9,2,8,6,2,1,34,18,1,3,2,1,1,1,1,1,1,6,1,1,1,1,134,1,1,,2,6,,1,,1,2,2,1,4,1,1,,,1,1,,1,1,,1,1,2,6,1,1,1,1,1,80,,,11,,,1,1,,1,1,1,3,1,1,2,1,1,1,15,128,1,3,1,1,26,4,,2,4,,1,20,9,1,1,1,,,,,1,1,,,,,,,,3,,,1,1,,,,63,1,1,,,,1,2,,,,,,1,,2,,,,1,,,,,1,,,,,,,1,,,,,,,,,,,,,,,,1,3,1,,1,1,,37,1,,,,,6,,,,,,,,,1,,,,,1,,,,,,1,,,,,1,,,,1,1,,,,1,,1
11/25/19,148,,,,15,32,3,57,132,2,54,117,,,,,,4,3,423,1162,2,367,998,,,,,,4,1,56,1,13,2,54,117,2,54,117,,,,,,4,2,367,998,2,367,998,,,,,,4,,8,18,,10,27,,,,,,,,,,3,,,,,,,,15,12,2,2,3,15,1,6,31,22,11,11,6,19,14,16,2,,,,,,,,14,10,3,2,2,15,1,6,30,13,10,11,5,17,14,15,0,0,0,0,0,0,0,0,0,0,0,0,1,0,9,1,0,0,0,0,0,9,0,11,2,0,0,0,0,0,0,0,0,0,0,0,0,0,0,1,0,131,9,0,0,0,0,0,9,0,142,28,0,0,0,0,0,0,0,0,4,5,1,0,0,9,14,4,0,60,9,2,8,6,2,1,34,18,1,3,2,1,1,1,1,1,1,6,1,1,1,1,134,1,1,,2,6,,1,,1,2,2,1,4,1,1,,,1,1,,1,1,,1,1,2,6,1,1,1,1,1,80,,,11,,,1,1,,1,1,1,3,1,1,2,1,1,1,15,128,1,3,1,1,18,4,,1,3,,1,15,7,1,1,1,,,,,1,,,,,,,,,3,,,,1,,,,48,1,,,,,1,1,,,,,,,,2,,,,,,,,,1,,,,,,,1,,,,,,,,,,,,,,,,1,3,1,,,1,,27,1,,,,,6,,,,,,,,,1,,,,,,,,,,,,,,,,1,,,1,1,1,,,,,,1
11/26/19,148,,,,12,32,1,48,132,1,44,117,,,,,,4,1,222,1141,1,191,978,,,,,,4,,31,,9,1,44,117,1,44,117,,,,,,4,1,191,978,1,191,978,,,,,,4,,5,18,,7,27,,,,,,,,,,1,,,,,,,,18,12,7,1,3,2,1,3,30,23,12,10,8,17,16,14,1,,,,,,,,17,11,7,1,2,2,1,3,29,14,11,10,7,15,16,13,0,0,0,0,0,0,0,0,0,0,0,0,1,0,8,1,0,0,0,0,0,9,0,11,2,0,0,0,0,0,0,0,0,0,0,0,0,0,0,1,0,130,2,0,0,0,0,0,9,0,141,28,0,0,0,0,0,0,0,0,3,4,0,0,0,9,14,4,0,60,9,2,8,6,2,1,34,18,1,3,2,1,1,1,1,1,1,6,1,1,1,1,134,1,1,,2,6,,1,,1,2,2,1,6,1,1,,,1,1,1,1,1,,1,,3,6,1,1,1,1,1,76,,1,9,,,1,1,,1,2,1,4,1,1,2,1,1,1,15,128,1,3,1,,15,4,,,3,,1,13,5,1,1,1,,,,,,,,,,,,,,3,,,,1,,,,40,1,,,,,,1,,,,,,,,2,,,,,,,,,1,,,,,,,,,,,,,,,,,,,,,,,1,3,1,,,,,22,,,,,,6,,,,,,,,,1,,,,,,,,,,,,,,,,1,,,1,1,1,,,,,,1
11/27/19,148,,,,6,31,,38,132,,35,117,,,,,,4,,63,1113,,55,954,,,,,,4,,8,,5,,35,117,,35,117,,,,,,4,,55,954,,55,954,,,,,,4,,3,18,,3,27,,,,,,,,,,,,,,,,,,24,7,5,,2,,,,31,24,12,9,8,17,15,14,,,,,,,,,23,6,5,,1,,,,30,15,11,8,7,16,16,12,0,0,0,0,0,0,0,0,0,0,0,0,0,0,2,1,0,0,0,0,0,8,0,11,2,0,0,0,0,0,0,0,0,0,0,0,0,0,0,0,0,2,1,0,0,0,0,0,8,0,140,27,0,0,0,0,0,0,0,0,1,2,0,0,0,9,14,4,0,60,9,2,8,6,2,1,34,18,1,3,2,1,1,1,1,1,1,6,1,1,1,1,134,1,1,,2,6,1,1,,1,2,2,1,6,1,1,,,1,1,1,1,1,,1,,3,6,1,1,1,1,1,76,,1,8,,,1,1,,1,2,1,4,1,1,2,1,1,1,15,128,1,3,1,,13,3,,,3,,1,11,3,,,1,,,,,,,,,,,,,,3,,,,1,,,,31,1,,,,,,1,,,,,,,,2,,,,,,,,,2,,,,,,,,,,,,,,,,1,,,,,,,1,3,1,,,,,12,,,,,,3,,,,,,,,,1,,,,,,,,,,,,,,,,2,,,1,2,1,,,,,,1
11/28/19,148,,,,5,30,,38,130,,35,117,,,,,,4,,50,1101,,42,950,,,,,,4,,8,,5,,35,117,,35,117,,,,,,4,,42,950,,42,950,,,,,,4,,2,18,,2,27,,,,,,,,,,,,,,,,,,31,3,3,1,,,,,32,21,13,8,8,17,16,13,,,,,,,,,30,3,2,,,,,,30,15,12,7,7,16,17,11,0,0,0,0,0,0,0,0,0,0,0,0,0,0,2,1,0,0,0,0,0,7,0,11,2,0,0,0,0,0,0,0,0,0,0,0,0,0,0,0,0,2,1,0,0,0,0,0,7,0,140,27,0,0,0,0,0,0,0,0,0,2,0,0,0,9,14,4,0,60,9,2,8,6,2,1,34,18,1,3,2,1,1,1,1,1,1,7,1,1,1,1,133,1,1,,2,6,1,1,,1,2,2,1,7,1,1,1,,1,1,1,1,1,,1,,3,7,1,1,1,1,1,77,,1,8,,,1,1,,1,,1,3,1,1,1,1,1,1,15,128,1,3,1,,13,3,,,3,,1,11,3,,,1,,,,,,,,,,,,,,3,,,,1,,,,31,1,,,,,,1,,,,,,,,2,,,,,,,,,2,,,,,,,,,,,,,,,,1,,,,,,,1,3,1,,,,,12,,,,,,3,,,,,,,,,1,,,,,,,,,,,,,,,,2,,,1,2,1,,,,,,1
11/29/19,148,,,,4,29,1,35,128,1,33,115,,,,,,4,10,50,1076,10,45,927,,,,,,4,,5,,3,1,33,115,1,33,115,,,,,,4,10,45,927,10,45,927,,,,,,4,,1,18,,1,26,,,,,,,,,,,,,,,1,,,30,3,1,,,,1,,32,21,14,7,10,13,18,11,,,,,,1,,,30,2,,,,,1,,30,15,13,6,9,11,20,9,0,0,0,0,0,0,0,0,0,0,0,0,0,0,2,1,0,0,0,0,0,7,0,10,2,0,0,0,0,0,0,0,0,0,0,0,0,0,0,0,0,2,1,0,0,0,0,0,7,0,137,26,0,0,0,0,0,0,0,0,0,1,0,0,0,9,13,4,0,60,9,2,8,6,2,1,34,18,1,3,2,1,1,1,1,1,1,7,1,1,1,1,133,1,1,,2,6,1,1,,1,2,2,1,7,1,1,1,,1,1,1,1,1,,1,,3,7,1,1,1,1,1,77,,1,8,,,1,1,,1,,1,3,1,1,1,1,1,1,15,128,1,3,1,,,,,,,,,,,,,,,,,,,,,,,,,,,,,,,,,,,,,,,,,,,,,,,,,,,,,,,,,,,,,,,,,,,,,,,,,,,,,,,,,,,,,,,,,,,,,,,,,,,,,,,,,,,,,,,,,,,,,,,,,,,,,,,,,,,
11/30/19,148,,,,1,29,,19,127,1,18,114,,,,,,4,,30,1062,7,34,921,,,,,,4,,,,,1,17,114,1,18,114,,,,,,4,7,34,921,7,34,921,,,,,,4,,,18,,,26,,,,,,,,,,,,,,,,,,,,,,,,,,,,,,,,,,,,,,,,,,,,,,,,,,,,,,,,,,0,0,0,0,0,0,0,0,0,0,0,0,0,0,1,0,0,0,0,0,0,7,0,10,2,0,0,0,0,0,0,0,0,0,0,0,0,0,0,0,0,1,0,0,0,0,0,0,7,0,137,26,0,0,0,0,0,0,0,0,0,0,0,0,0,9,13,4,0,,,,,,,,,,,,,,,,,,,,,,,,,,,,,,,,,,,,,,,,,,,,,,,,,,,,,,,,,,,,,,,,,,,,,,,,,,,,,,,,,,,,,,,,,,,,,,,,,,,,,,,,,,,,,,,,,,,,,,,,,,,,,,,,,,,,,,,,,,,,,,,,,,,,,,,,,,,,,,,,,,,,,,,,,,,,,,,,,,,,,,,,,,,,,,,,,,,,,,,,,,,,,,,,,,,